{
  "perplexity_rag": 2.4575681103912435,
  "perplexity_norag": 2.2261365882274897
}